Date,BRL Curncy,CLP Curncy,COP Curncy,MXN Curncy,ZAR Curncy
2000-01-09,1.827,524.55,1901.0,9.565,6.0575
2000-01-16,1.804,515.67,1921.0,9.4503,6.0725
2000-01-23,1.7725,515.9,1935.5,9.4668,6.1325
2000-01-30,1.799,517.5,1969.25,9.5878,6.3375
2000-02-06,1.768,515.55,1949.25,9.445,6.2575
2000-02-13,1.7685,515.05,1949.0,9.422,6.3345
2000-02-20,1.777,511.75,1938.5,9.3925,6.3225
2000-02-27,1.774,506.35,1948.0,9.375,6.2825
2000-03-05,1.745,503.15,1963.0,9.309,6.4538
2000-03-12,1.745,506.05,1958.75,9.33,6.395
2000-03-19,1.739,506.7,1953.5,9.309,6.4721
2000-03-26,1.7325,502.45,1958.0,9.22,6.4795
2000-04-02,1.736,503.25,1958.7,9.253,6.525
2000-04-09,1.741,505.75,2002.0,9.3,6.5615
2000-04-16,1.786,508.05,1993.0,9.513,6.5955
2000-04-23,1.778,510.2,1993.5,9.402,6.7326
2000-04-30,1.807,515.35,2007.0,9.3925,6.7885
2000-05-07,1.801,519.55,2039.5,9.478,6.96
2000-05-14,1.836,520.9,2037.65,9.5855,7.0252
2000-05-21,1.839,524.0,2100.0,9.589,7.1683
2000-05-28,1.837,523.95,2111.5,9.537,7.1185
2000-06-04,1.801,519.45,2125.0,9.55,6.9338
2000-06-11,1.802,528.65,2118.0,9.895,7.007
2000-06-18,1.803,531.05,2114.75,9.88,6.83
2000-06-25,1.826,536.65,2127.7,9.944,6.885
2000-07-02,1.806,539.85,2148.5,9.83,6.795
2000-07-09,1.8,536.15,2176.25,9.526,6.8585
2000-07-16,1.802,543.05,2146.75,9.3805,6.8875
2000-07-23,1.797,546.05,2147.0,9.362,6.9135
2000-07-30,1.784,557.65,2178.5,9.38,6.955
2000-08-06,1.792,555.2,2184.0,9.35,6.956
2000-08-13,1.799,547.65,2182.5,9.271,6.89
2000-08-20,1.817,549.4,2184.75,9.305,6.9363
2000-08-27,1.8235,546.55,2205.55,9.24,6.9125
2000-09-03,1.824,564.25,2216.0,9.228,6.945
2000-09-10,1.817,568.15,2203.0,9.305,7.094
2000-09-17,1.844,564.25,2212.3,9.355,7.201
2000-09-24,1.844,565.45,2228.0,9.44,7.2291
2000-10-01,1.844,563.75,2212.2,9.437,7.235
2000-10-08,1.855,562.05,2183.5,9.473,7.2975
2000-10-15,1.873,568.45,2179.0,9.5215,7.4725
2000-10-22,1.885,570.75,2163.0,9.5625,7.573
2000-10-29,1.914,574.25,2168.35,9.636,7.6013
2000-11-05,1.942,574.25,2136.5,9.6545,7.5375
2000-11-12,1.948,575.55,2130.25,9.57,7.5994
2000-11-19,1.966,574.85,2125.5,9.4563,7.7088
2000-11-26,1.9585,576.6,2147.35,9.395,7.8255
2000-12-03,1.9745,577.25,2172.5,9.405,7.6656
2000-12-10,1.969,577.15,2177.0,9.4615,7.65
2000-12-17,1.965,573.95,2177.5,9.4075,7.69
2000-12-24,1.9585,573.15,2194.0,9.5875,7.5612
2000-12-31,1.95,573.85,2236.0,9.6225,7.5788
2001-01-07,1.954,573.45,2243.0,9.754,7.5175
2001-01-14,1.9475,573.24,2251.0,9.895,7.825
2001-01-21,1.9575,570.25,2237.5,9.8043,7.9025
2001-01-28,1.9735,566.05,2241.5,9.675,7.88
2001-02-04,1.987,564.25,2240.45,9.761,7.7725
2001-02-11,1.981,559.8,2235.0,9.7491,7.8775
2001-02-18,2.0025,563.08,2240.25,9.7325,7.83
2001-02-25,2.0355,571.5,2256.5,9.692,7.8175
2001-03-04,2.027,578.2,2261.75,9.6515,7.7425
2001-03-11,2.045,593.25,2262.5,9.6435,7.735
2001-03-18,2.129,589.7,2281.75,9.6305,7.93
2001-03-25,2.172,595.3,2297.65,9.6405,7.96
2001-04-01,2.1525,595.75,2312.0,9.4615,8.0125
2001-04-08,2.1655,595.65,2315.0,9.4095,8.059
2001-04-15,2.165,598.15,2315.0,9.315,8.012
2001-04-22,2.235,601.35,2330.0,9.372,8.16
2001-04-29,2.203,600.45,2343.5,9.27,7.975
2001-05-06,2.202,601.8,2355.0,9.2681,8.03
2001-05-13,2.289,603.95,2367.5,9.223,7.97
2001-05-20,2.303,606.75,2324.0,9.025,7.9173
2001-05-27,2.3225,606.25,2304.0,9.083,7.905
2001-06-03,2.3815,609.75,2310.0,9.163,8.0375
2001-06-10,2.361,608.25,2305.5,9.0445,8.063
2001-06-17,2.4115,614.75,2306.5,9.028,7.9975
2001-06-24,2.302,623.95,2296.5,9.07,8.04
2001-07-01,2.3105,631.8,2297.25,9.041,8.045
2001-07-08,2.4545,642.3,2302.75,9.141,8.235
2001-07-15,2.5785,668.45,2304.0,9.355,8.2678
2001-07-22,2.4485,662.8,2304.05,9.1405,8.2615
2001-07-29,2.4575,665.35,2303.0,9.166,8.24
2001-08-05,2.5015,673.05,2295.0,9.1635,8.265
2001-08-12,2.4625,681.55,2287.25,9.085,8.229
2001-08-19,2.519,680.15,2284.55,9.135,8.3075
2001-08-26,2.547,662.65,2281.5,9.1005,8.3725
2001-09-02,2.5635,664.75,2302.0,9.204,8.439
2001-09-09,2.5643,667.05,2320.0,9.352,8.465
2001-09-16,2.67,690.7,2342.25,9.515,8.6175
2001-09-23,2.8325,694.5,2340.5,9.45,8.755
2001-09-30,2.67,693.22,2334.6,9.514,9.0265
2001-10-07,2.777,709.15,2329.0,9.56,9.21
2001-10-14,2.785,713.5,2313.5,9.328,9.1089
2001-10-21,2.7335,714.75,2317.05,9.2115,9.2809
2001-10-28,2.725,715.3,2314.75,9.24,9.3656
2001-11-04,2.673,713.95,2310.5,9.276,9.515
2001-11-11,2.535,699.45,2303.0,9.245,9.625
2001-11-18,2.5265,678.25,2312.0,9.202,9.5659
2001-11-25,2.502,676.15,2313.75,9.168,9.955
2001-12-02,2.4985,686.15,2298.5,9.224,10.2555
2001-12-09,2.39,673.15,2310.0,9.1935,10.875
2001-12-16,2.376,670.95,2313.25,9.107,12.205
2001-12-23,2.3425,664.65,2298.5,9.13,12.075
2001-12-30,2.3115,661.25,2277.5,9.18,11.975
2002-01-06,2.331,652.65,2302.0,9.1665,12.1483
2002-01-13,2.4015,676.6,2296.8,9.202,11.33
2002-01-20,2.365,671.65,2267.5,9.1225,11.425
2002-01-27,2.407,671.2,2255.0,9.1447,11.375
2002-02-03,2.42,678.9,2270.4,9.1595,11.645
2002-02-10,2.4555,685.25,2278.5,9.072,11.405
2002-02-17,2.427,677.15,2288.0,9.0595,11.415
2002-02-24,2.4215,675.45,2313.5,9.095,11.3965
2002-03-03,2.3445,668.25,2302.0,9.0864,11.275
2002-03-10,2.3515,660.15,2280.0,9.0743,11.67
2002-03-17,2.3465,659.1,2287.5,9.0795,11.8675
2002-03-24,2.3615,668.45,2268.5,9.048,11.465
2002-03-31,2.325,656.5,2273.0,9.035,11.33
2002-04-07,2.277,647.15,2261.0,9.0065,11.055
2002-04-14,2.294,642.65,2265.95,9.1525,11.2125
2002-04-21,2.3305,647.85,2261.1,9.2725,11.095
2002-04-28,2.3715,651.15,2273.55,9.325,10.593
2002-05-05,2.407,653.15,2289.75,9.4455,10.4275
2002-05-12,2.4645,655.15,2290.5,9.5045,10.198
2002-05-19,2.476,651.35,2346.5,9.4625,10.04
2002-05-26,2.519,656.15,2316.25,9.5675,10.0055
2002-06-02,2.513,655.55,2318.05,9.645,9.833
2002-06-09,2.6345,660.65,2342.25,9.74,9.85
2002-06-16,2.715,668.65,2377.0,9.6475,10.485
2002-06-23,2.8305,698.65,2387.5,9.928,10.252
2002-06-30,2.8175,686.15,2404.25,9.9465,10.295
2002-07-07,2.8785,696.15,2443.6,9.91,10.095
2002-07-14,2.81,693.35,2508.0,9.7195,9.9546
2002-07-21,2.869,691.45,2521.5,9.6753,9.95
2002-07-28,3.0125,697.75,2602.5,9.7171,10.2746
2002-08-04,3.005,697.75,2643.25,9.815,10.225
2002-08-11,3.02,697.25,2557.5,9.777,10.47
2002-08-18,3.12,699.75,2640.9,9.8105,10.58
2002-08-25,3.108,706.55,2637.27,9.84,10.865
2002-09-01,3.006,709.88,2700.5,9.935,10.56
2002-09-08,3.1585,715.85,2707.8,9.9755,10.525
2002-09-15,3.1595,722.25,2742.75,9.963,10.515
2002-09-22,3.4025,739.8,2782.5,10.2855,10.59
2002-09-29,3.8725,746.0,2834.5,10.185,10.565
2002-10-06,3.61,744.25,2866.0,10.1743,10.42
2002-10-13,3.81,742.58,2853.5,10.11,10.43
2002-10-20,3.8675,743.26,2814.9,9.9714,10.345
2002-10-27,3.7275,732.38,2761.5,9.9785,10.1125
2002-11-03,3.5925,727.25,2778.5,10.1928,10.0025
2002-11-10,3.545,711.45,2736.95,10.316,9.755
2002-11-17,3.6875,705.55,2682.5,10.2325,9.59
2002-11-24,3.5575,709.55,2720.75,10.1165,9.47
2002-12-01,3.653,703.75,2795.0,10.1465,9.26
2002-12-08,3.747,704.0,2797.0,10.2075,9.2
2002-12-15,3.7275,696.5,2817.85,10.1664,8.755
2002-12-22,3.48,699.65,2820.0,10.1921,8.9372
2002-12-29,3.535,713.25,2859.5,10.3055,8.77
2003-01-05,3.44,713.95,2848.0,10.3985,8.4322
2003-01-12,3.2975,713.65,2909.5,10.5506,8.4922
2003-01-19,3.375,726.45,2914.05,10.6105,8.8222
2003-01-26,3.6225,734.85,2932.95,10.8568,8.73
2003-02-02,3.4975,735.25,2924.75,10.9063,8.5152
2003-02-09,3.58,742.25,2962.7,11.016,8.3463
2003-02-16,3.665,746.25,2919.95,10.8185,8.335
2003-02-23,3.6225,750.45,2934.25,10.9373,8.0291
2003-03-02,3.5685,749.15,2963.0,11.016,8.08
2003-03-09,3.4975,754.35,2962.7,11.102,7.9337
2003-03-16,3.4325,738.25,2958.0,10.9105,8.19
2003-03-23,3.4035,730.25,2958.25,10.7119,8.2121
2003-03-30,3.364,726.15,2959.23,10.727,7.985
2003-04-06,3.22,721.35,2944.02,10.727,7.9625
2003-04-13,3.204,724.0,2932.0,10.623,7.7884
2003-04-20,3.0325,713.25,2919.0,10.5287,7.5995
2003-04-27,3.009,712.45,2912.5,10.4118,7.2229
2003-05-04,2.968,700.2,2863.61,10.2175,7.451
2003-05-11,2.8725,694.75,2841.0,10.1475,7.2799
2003-05-18,2.9425,705.05,2849.5,10.3,7.6706
2003-05-25,2.9155,706.28,2853.1,10.2423,7.8654
2003-06-01,2.9675,713.5,2856.8,10.3145,8.083
2003-06-08,2.8755,712.85,2826.6,10.7275,8.0876
2003-06-15,2.8385,707.65,2821.4,10.535,7.8135
2003-06-22,2.8875,705.5,2828.35,10.4975,7.8854
2003-06-29,2.876,699.3,2817.5,10.3785,7.4925
2003-07-06,2.839,698.38,2818.5,10.4088,7.4954
2003-07-13,2.891,704.3,2861.1,10.3953,7.5434
2003-07-20,2.8875,702.8,2880.43,10.3722,7.6665
2003-07-27,2.891,701.35,2890.35,10.4835,7.425
2003-08-03,3.03,709.8,2893.85,10.5823,7.47
2003-08-10,2.9865,702.15,2871.9,10.6585,7.3463
2003-08-17,2.992,704.25,2868.5,10.7205,7.3413
2003-08-24,2.9865,697.05,2842.3,10.8405,7.464
2003-08-31,2.976,697.15,2831.5,11.0471,7.377
2003-09-07,2.907,683.65,2829.15,10.8865,7.475
2003-09-14,2.902,670.7,2824.7,10.9795,7.371
2003-09-21,2.902,667.25,2852.0,10.885,7.353
2003-09-28,2.935,664.2,2888.0,11.0153,7.17
2003-10-05,2.886,659.0,2880.7,11.2405,6.9641
2003-10-12,2.831,646.8,2865.9,11.1783,6.9675
2003-10-19,2.868,647.9,2862.4,11.2233,7.1946
2003-10-26,2.87,635.3,2860.0,11.1548,6.94
2003-11-02,2.8675,625.9,2879.3,11.0175,6.896
2003-11-09,2.867,615.7,2844.5,10.9875,6.9589
2003-11-16,2.9425,618.5,2832.6,11.1433,6.6901
2003-11-23,2.9185,629.4,2830.9,11.233,6.5345
2003-11-30,2.946,620.9,2833.5,11.3785,6.3926
2003-12-07,2.937,607.75,2807.0,11.2075,6.2826
2003-12-14,2.9345,598.25,2812.45,11.2508,6.3603
2003-12-21,2.9225,593.7,2813.2,11.2498,6.9438
2003-12-28,2.8985,595.65,2780.9,11.2125,6.6868
2004-01-04,2.879,585.4,2778.6,11.082,6.5451
2004-01-11,2.833,558.0,2767.5,10.8178,6.6713
2004-01-18,2.829,575.7,2735.9,10.825,7.235
2004-01-25,2.841,574.7,2763.0,10.8938,7.2225
2004-02-01,2.9345,584.25,2739.0,11.0614,7.0713
2004-02-08,2.932,590.75,2757.0,11.1125,6.97
2004-02-15,2.9045,578.1,2724.0,10.935,6.6353
2004-02-22,2.9613,586.5,2692.0,10.9432,6.715
2004-02-29,2.9059,591.2,2680.35,11.065,6.6328
2004-03-07,2.868,592.8,2670.0,10.9253,6.6163
2004-03-14,2.9025,602.5,2669.5,10.957,6.7737
2004-03-21,2.9015,607.15,2671.0,10.9675,6.64
2004-03-28,2.9395,617.75,2676.5,11.109,6.54
2004-04-04,2.894,606.8,2662.75,11.165,6.398
2004-04-11,2.8855,600.55,2656.5,11.2,6.255
2004-04-18,2.913,601.65,2622.1,11.2698,6.4401
2004-04-25,2.911,613.2,2620.5,11.3225,6.765
2004-05-02,2.933,622.8,2657.8,11.4198,6.9901
2004-05-09,3.0615,637.8,2716.95,11.5845,7.035
2004-05-16,3.09,638.0,2698.5,11.5297,6.7375
2004-05-23,3.194,642.1,2774.7,11.5705,6.745
2004-05-30,3.089,632.0,2717.75,11.4,6.5092
2004-06-06,3.1283,644.7,2715.9,11.4122,6.465
2004-06-13,3.142,649.0,2737.0,11.3748,6.515
2004-06-20,3.1395,647.5,2707.75,11.3421,6.3908
2004-06-27,3.1103,634.1,2693.9,11.344,6.305
2004-07-04,3.0385,630.28,2675.0,11.4495,6.1094
2004-07-11,3.041,635.0,2667.3,11.4919,6.0775
2004-07-18,3.0,622.3,2631.1,11.4138,5.9535
2004-07-25,3.056,634.75,2627.25,11.449,6.2137
2004-08-01,3.0365,641.8,2611.9,11.4152,6.2675
2004-08-08,3.0315,641.15,2599.85,11.3995,6.1224
2004-08-15,3.021,639.65,2612.3,11.38,6.4773
2004-08-22,2.966,631.55,2596.75,11.3315,6.57
2004-08-29,2.954,626.8,2575.8,11.3915,6.7463
2004-09-05,2.927,621.8,2556.0,11.4975,6.625
2004-09-12,2.9035,617.1,2531.4,11.5935,6.5525
2004-09-19,2.8665,610.25,2543.13,11.4585,6.5425
2004-09-26,2.8705,613.4,2593.75,11.418,6.4212
2004-10-03,2.839,604.45,2630.0,11.337,6.4786
2004-10-10,2.8325,595.75,2590.5,11.2453,6.5406
2004-10-17,2.8565,608.8,2563.25,11.4538,6.425
2004-10-24,2.871,608.75,2558.08,11.513,6.1563
2004-10-31,2.857,613.75,2568.5,11.5363,6.1
2004-11-07,2.8195,599.5,2540.0,11.3813,6.0906
2004-11-14,2.7905,594.6,2537.75,11.3575,6.1163
2004-11-21,2.7835,591.45,2521.4,11.3883,6.005
2004-11-28,2.737,585.75,2476.0,11.2538,5.835
2004-12-05,2.7085,579.65,2469.6,11.098,5.705
2004-12-12,2.7743,592.55,2441.25,11.3418,5.815
2004-12-19,2.712,573.55,2356.55,11.22,5.785
2004-12-26,2.691,561.5,2385.0,11.106,5.6676
2005-01-02,2.656,555.75,2354.75,11.147,5.665
2005-01-09,2.712,570.5,2373.0,11.2753,6.0875
2005-01-16,2.7015,573.0,2359.75,11.22,6.01
2005-01-23,2.6869,577.25,2374.75,11.2435,5.9838
2005-01-30,2.645,587.5,2373.75,11.2455,5.9425
2005-02-06,2.613,576.25,2362.5,11.142,6.177
2005-02-13,2.6045,572.88,2347.0,11.1497,6.085
2005-02-20,2.5757,567.25,2319.5,11.0775,5.9275
2005-02-27,2.6183,574.8,2323.5,11.1008,5.79
2005-03-06,2.656,584.25,2333.2,11.033,5.832
2005-03-13,2.7168,584.25,2338.75,11.0633,5.855
2005-03-20,2.7145,585.75,2367.25,11.1625,6.0545
2005-03-27,2.7395,588.45,2385.0,11.2645,6.2
2005-04-03,2.6588,586.25,2371.0,11.1658,6.244
2005-04-10,2.585,575.3,2346.23,11.1308,6.1483
2005-04-17,2.6148,583.0,2362.0,11.115,6.2783
2005-04-24,2.5375,576.45,2345.25,11.0625,6.0485
2005-05-01,2.528,582.38,2348.4,11.0477,6.0858
2005-05-08,2.457,573.4,2339.0,10.95,6.0283
2005-05-15,2.4735,578.5,2347.6,11.0143,6.3313
2005-05-22,2.4417,583.25,2336.0,10.9563,6.5314
2005-05-29,2.385,579.75,2325.7,10.8768,6.5633
2005-06-05,2.4255,590.0,2335.0,10.8513,6.8358
2005-06-12,2.4733,592.45,2340.61,10.8623,6.7332
2005-06-19,2.383,581.75,2323.0,10.8183,6.6138
2005-06-26,2.379,580.25,2323.0,10.7638,6.6975
2005-07-03,2.3565,579.5,2327.3,10.7309,6.848
2005-07-10,2.3749,585.0,2330.5,10.7397,6.865
2005-07-17,2.3395,577.15,2333.0,10.6118,6.6357
2005-07-24,2.3963,567.5,2314.5,10.6477,6.6255
2005-07-31,2.3787,560.15,2308.0,10.5949,6.5811
2005-08-07,2.3124,546.63,2306.68,10.6088,6.4645
2005-08-14,2.3732,536.75,2307.0,10.6438,6.3538
2005-08-21,2.4486,544.65,2308.5,10.7688,6.5475
2005-08-28,2.4025,545.55,2306.0,10.8478,6.4775
2005-09-04,2.3305,534.75,2297.58,10.6708,6.255
2005-09-11,2.309,534.25,2307.7,10.6848,6.3157
2005-09-18,2.2988,535.0,2300.9,10.8453,6.3742
2005-09-25,2.2645,537.45,2289.0,10.8439,6.3801
2005-10-02,2.2275,529.75,2287.4,10.759,6.3701
2005-10-09,2.2499,527.0,2292.0,10.7943,6.5288
2005-10-16,2.245,537.15,2296.0,10.8915,6.56
2005-10-23,2.265,542.3,2290.0,10.8743,6.6125
2005-10-30,2.265,544.13,2290.0,10.8245,6.7025
2005-11-06,2.212,540.0,2281.9,10.7538,6.695
2005-11-13,2.1615,526.08,2281.5,10.6778,6.7529
2005-11-20,2.226,528.45,2277.6,10.6628,6.67
2005-11-27,2.234,524.0,2272.6,10.6088,6.5163
2005-12-04,2.2088,514.45,2274.45,10.4709,6.353
2005-12-11,2.252,514.25,2274.7,10.643,6.3798
2005-12-18,2.337,516.25,2279.54,10.7435,6.4235
2005-12-25,2.315,513.5,2282.0,10.688,6.345
2006-01-01,2.3355,512.0,2286.5,10.635,6.3288
2006-01-08,2.283,522.25,2278.15,10.5624,6.0715
2006-01-15,2.2725,525.75,2271.0,10.5618,6.038
2006-01-22,2.2775,531.05,2270.0,10.5452,6.0035
2006-01-29,2.21,526.1,2267.7,10.4439,6.1448
2006-02-05,2.21,527.5,2260.8,10.4883,6.094
2006-02-12,2.1615,529.63,2254.6,10.5055,6.1375
2006-02-19,2.1175,523.6,2252.8,10.4353,6.0225
2006-02-26,2.14,517.35,2245.97,10.4818,6.1068
2006-03-05,2.11,522.95,2254.78,10.5873,6.1773
2006-03-12,2.1373,530.85,2256.05,10.6887,6.2485
2006-03-19,2.124,527.75,2257.7,10.6838,6.2146
2006-03-26,2.158,531.06,2267.3,10.8713,6.261
2006-04-02,2.164,526.35,2290.85,10.874,6.1765
2006-04-09,2.149,520.55,2365.0,11.1458,6.1315
2006-04-16,2.138,516.0,2340.2,11.0975,6.1225
2006-04-23,2.1215,514.75,2337.5,11.0521,5.9772
2006-04-30,2.087,514.85,2378.65,11.0613,6.005
2006-05-07,2.0555,513.65,2367.5,10.9617,6.064
2006-05-14,2.1445,516.43,2384.0,11.0993,6.2915
2006-05-21,2.209,523.9,2461.05,11.1949,6.48
2006-05-28,2.2415,524.9,2460.0,11.119,6.5275
2006-06-04,2.2766,532.0,2449.3,11.314,6.6713
2006-06-11,2.2592,543.75,2515.3,11.394,6.7638
2006-06-18,2.245,544.2,2560.3,11.4445,6.8863
2006-06-25,2.2315,549.5,2609.25,11.4083,7.4267
2006-07-02,2.165,538.85,2573.8,11.3463,7.174
2006-07-09,2.182,538.75,2513.05,11.0078,7.1405
2006-07-16,2.212,544.05,2542.1,10.9775,7.207
2006-07-23,2.1988,541.55,2468.25,10.981,7.0433
2006-07-30,2.1754,539.15,2426.0,10.858,6.875
2006-08-06,2.1814,542.45,2390.5,10.9,6.8225
2006-08-13,2.166,542.75,2375.75,10.807,6.795
2006-08-20,2.1469,532.74,2369.5,10.8135,7.027
2006-08-27,2.156,537.25,2423.9,10.973,7.1843
2006-09-03,2.139,537.95,2398.6,10.878,7.2075
2006-09-10,2.158,539.23,2386.3,11.0025,7.3888
2006-09-17,2.151,537.2,2394.25,10.9368,7.375
2006-09-24,2.2075,539.15,2415.9,11.0413,7.665
2006-10-01,2.169,535.03,2398.13,10.985,7.7838
2006-10-08,2.162,537.1,2395.5,11.0688,7.825
2006-10-15,2.1371,531.5,2360.5,10.8518,7.485
2006-10-22,2.1402,525.95,2340.0,10.8398,7.5425
2006-10-29,2.1336,523.7,2312.55,10.7267,7.4138
2006-11-05,2.139,525.6,2300.65,10.7895,7.3898
2006-11-12,2.1514,525.46,2280.85,10.9265,7.225
2006-11-19,2.1605,529.35,2286.1,10.9453,7.2785
2006-11-26,2.1691,529.72,2300.0,11.0171,7.1635
2006-12-03,2.1668,525.62,2294.95,11.026,7.24
2006-12-10,2.1395,524.87,2281.5,10.8375,7.0883
2006-12-17,2.1458,525.4,2259.77,10.7784,7.0053
2006-12-24,2.1478,531.25,2231.1,10.867,7.0575
2006-12-31,2.1364,532.35,2240.0,10.8033,7.006
2007-01-07,2.1523,541.97,2235.0,10.9305,7.2725
2007-01-14,2.1414,539.33,2218.4,10.9635,7.22
2007-01-21,2.1304,540.85,2232.2,10.9016,7.1648
2007-01-28,2.1381,543.15,2260.1,11.0604,7.2613
2007-02-04,2.1043,547.77,2242.75,10.9632,7.1875
2007-02-11,2.108,544.4,2227.83,10.9954,7.189
2007-02-18,2.092,540.9,2222.95,10.997,7.158
2007-02-25,2.0877,536.75,2217.9,11.0373,7.0635
2007-03-04,2.1318,538.73,2236.1,11.2165,7.4163
2007-03-11,2.0983,538.56,2209.9,11.143,7.3523
2007-03-18,2.0922,536.93,2204.95,11.1848,7.4863
2007-03-25,2.0612,537.97,2176.75,11.018,7.2075
2007-04-01,2.0594,538.97,2203.7,11.0494,7.2638
2007-04-08,2.0315,536.53,2170.5,10.9725,7.1263
2007-04-15,2.0215,531.88,2136.3,11.0013,7.1814
2007-04-22,2.026,527.85,2115.5,10.9838,7.0513
2007-04-29,2.0313,526.26,2110.85,10.9206,7.0498
2007-05-06,2.0335,520.31,2067.15,10.8809,6.928
2007-05-13,2.0183,517.98,2026.5,10.7981,6.939
2007-05-20,1.9607,520.88,1985.75,10.8005,7.0138
2007-05-27,1.951,523.73,1932.15,10.786,7.082
2007-06-03,1.9049,524.56,1890.05,10.7153,7.09
2007-06-10,1.9595,529.15,1927.9,10.9115,7.215
2007-06-17,1.912,525.61,1919.6,10.7751,7.1445
2007-06-24,1.9417,526.73,1950.7,10.8424,7.157
2007-07-01,1.929,527.13,1973.0,10.8084,7.043
2007-07-08,1.902,521.09,1965.5,10.7692,6.9869
2007-07-15,1.862,515.42,1956.13,10.7607,6.9578
2007-07-22,1.8565,515.96,1924.6,10.7935,6.8938
2007-07-29,1.8945,523.96,1992.95,11.0125,7.11
2007-08-05,1.8999,521.59,1961.58,10.9985,7.128
2007-08-12,1.9515,520.57,2001.05,11.0025,7.1755
2007-08-19,2.0246,523.58,2124.38,11.0823,7.3368
2007-08-26,1.9419,524.12,2116.08,11.0063,7.168
2007-09-02,1.9619,523.7,2161.38,11.0303,7.1475
2007-09-09,1.945,520.22,2189.65,11.1412,7.256
2007-09-16,1.9005,515.05,2124.58,11.1223,7.1488
2007-09-23,1.8677,513.85,2026.43,10.9588,7.0003
2007-09-30,1.8336,511.02,2029.75,10.9355,6.8698
2007-10-07,1.804,502.85,1994.5,10.8515,6.8073
2007-10-14,1.8055,496.58,1979.55,10.8076,6.7695
2007-10-21,1.8035,501.49,2001.78,10.8275,6.81
2007-10-28,1.768,496.45,2002.9,10.7345,6.499
2007-11-04,1.7477,497.62,2014.85,10.6925,6.56
2007-11-11,1.7454,506.04,2049.0,10.8905,6.6238
2007-11-18,1.7455,507.96,2040.6,10.9313,6.715
2007-11-25,1.8033,513.79,2085.63,10.9735,6.8375
2007-12-02,1.7924,505.25,2046.35,10.9202,6.8038
2007-12-09,1.7591,497.38,2016.7,10.8228,6.6975
2007-12-16,1.7955,498.72,2011.03,10.8384,6.8888
2007-12-23,1.7926,496.07,1992.55,10.824,7.0288
2007-12-30,1.7761,497.79,2013.05,10.9036,6.812
2008-01-06,1.7547,495.72,2013.5,10.9238,6.872
2008-01-13,1.7471,476.52,1975.08,10.943,6.7588
2008-01-20,1.7852,476.49,1979.05,10.9045,7.0505
2008-01-27,1.7816,468.73,1969.4,10.8988,7.15
2008-02-03,1.7454,468.58,1922.05,10.8096,7.36
2008-02-10,1.7692,471.24,1920.13,10.7623,7.7883
2008-02-17,1.7534,464.73,1904.9,10.7596,7.6725
2008-02-24,1.7075,465.37,1894.1,10.7733,7.73
2008-03-02,1.6907,454.8,1838.55,10.7136,7.83
2008-03-09,1.6834,443.15,1900.15,10.821,8.0248
2008-03-16,1.7119,438.03,1851.15,10.7664,7.9338
2008-03-23,1.7318,449.21,1823.4,10.726,8.1725
2008-03-30,1.7434,440.0,1828.0,10.6946,8.1433
2008-04-06,1.7095,435.75,1815.7,10.5664,7.875
2008-04-13,1.6906,447.18,1795.1,10.535,7.821
2008-04-20,1.669,456.35,1784.25,10.4835,7.785
2008-04-27,1.6667,453.27,1775.83,10.4642,7.6168
2008-05-04,1.6498,465.87,1759.6,10.4639,7.5828
2008-05-11,1.6852,468.54,1782.2,10.5642,7.735
2008-05-18,1.641,466.67,1784.2,10.3977,7.474
2008-05-25,1.6593,470.75,1777.93,10.3901,7.681
2008-06-01,1.627,480.35,1746.95,10.33,7.61
2008-06-08,1.6341,487.08,1698.55,10.3663,7.8756
2008-06-15,1.6355,499.12,1706.7,10.3591,8.1063
2008-06-22,1.6057,495.95,1679.85,10.2715,7.9913
2008-06-29,1.594,522.02,1888.4,10.2932,7.9145
2008-07-06,1.607,511.92,1742.85,10.3348,7.7313
2008-07-13,1.601,502.06,1781.85,10.2904,7.6585
2008-07-20,1.5893,496.06,1799.85,10.1774,7.6047
2008-07-27,1.5728,491.04,1787.65,10.0988,7.5925
2008-08-03,1.56,505.5,1776.7,9.9357,7.2201
2008-08-10,1.6087,516.85,1808.05,10.1568,7.7375
2008-08-17,1.638,515.25,1878.3,10.1866,7.8708
2008-08-24,1.627,519.91,1872.95,10.145,7.6777
2008-08-31,1.6315,513.13,1941.1,10.287,7.7045
2008-09-07,1.716,524.58,2038.0,10.4618,7.9616
2008-09-14,1.781,529.63,2053.4,10.5945,7.9913
2008-09-21,1.8298,547.59,2053.53,10.6585,7.92
2008-09-28,1.8445,540.0,2108.05,10.7874,8.0848
2008-10-05,2.044,570.86,2147.5,11.2554,8.4891
2008-10-12,2.313,638.25,2311.65,13.093,9.4694
2008-10-19,2.119,617.51,2264.5,12.876,10.0126
2008-10-26,2.3075,670.69,2378.75,13.3842,11.175
2008-11-02,2.159,670.75,2380.6,12.8259,9.78
2008-11-09,2.1643,637.03,2302.4,12.8018,10.17
2008-11-16,2.2415,638.27,2311.55,13.0613,10.1313
2008-11-23,2.4614,682.75,2361.45,13.72,10.475
2008-11-30,2.3063,661.65,2317.75,13.4647,10.05
2008-12-07,2.4335,672.0,2337.0,13.5968,10.305
2008-12-14,2.3942,648.25,2264.05,13.632,10.1184
2008-12-21,2.3552,635.75,2175.5,13.1465,9.7334
2008-12-28,2.366,629.25,2215.0,13.44,9.715
2009-01-04,2.3177,641.14,2237.2,13.7603,9.3148
2009-01-11,2.2532,615.48,2223.7,13.62,9.8105
2009-01-18,2.3304,619.95,2231.55,13.9125,9.95
2009-01-25,2.3297,620.75,2290.85,14.0285,10.21
2009-02-01,2.323,616.85,2434.6,14.3333,10.1996
2009-02-08,2.2435,616.55,2457.6,14.1986,9.5695
2009-02-15,2.254,578.34,2501.05,14.5585,9.9371
2009-02-22,2.3835,623.23,2582.7,14.7774,10.1205
2009-03-01,2.3866,596.75,2544.3,15.255,10.1165
2009-03-08,2.3755,607.1,2555.5,15.1942,10.4785
2009-03-15,2.3052,594.1,2447.33,14.5221,9.98
2009-03-22,2.27,584.15,2360.35,14.1712,9.595
2009-03-29,2.2911,572.95,2492.55,14.3479,9.5863
2009-04-05,2.2097,578.75,2412.2,13.56,9.0513
2009-04-12,2.171,580.5,2420.0,13.1162,9.0536
2009-04-19,2.1952,579.65,2343.0,13.1282,8.9299
2009-04-26,2.1838,589.45,2289.73,13.3405,8.7151
2009-05-03,2.174,584.5,2293.4,13.7786,8.5505
2009-05-10,2.0608,564.55,2204.25,13.0316,8.2751
2009-05-17,2.1153,559.25,2263.5,13.26,8.7115
2009-05-24,2.0269,560.35,2205.98,13.1897,8.2802
2009-05-31,1.9702,561.9,2137.15,13.1506,7.9386
2009-06-07,1.9615,566.58,2064.0,13.2965,8.058
2009-06-14,1.926,562.85,2015.17,13.4038,8.0178
2009-06-21,1.9753,535.75,2115.75,13.3604,8.0995
2009-06-28,1.9363,530.19,2145.05,13.2076,7.8926
2009-07-05,1.9534,538.85,2089.15,13.2308,7.9228
2009-07-12,1.9958,548.6,2103.35,13.6879,8.2371
2009-07-19,1.9261,532.45,2006.18,13.3382,8.0519
2009-07-26,1.8958,538.55,1983.78,13.2018,7.7495
2009-08-02,1.8651,540.73,2036.6,13.1917,7.761
2009-08-09,1.8203,543.0,2010.0,12.954,7.9885
2009-08-16,1.8484,551.73,2016.55,12.8465,8.0875
2009-08-23,1.8299,545.75,2000.95,12.833,7.81
2009-08-30,1.8812,550.65,2038.73,13.2478,7.7528
2009-09-06,1.8442,550.95,2020.98,13.3631,7.6028
2009-09-13,1.8306,551.65,1995.85,13.3372,7.441
2009-09-20,1.8082,544.97,1950.3,13.2758,7.4233
2009-09-27,1.7901,545.86,1924.45,13.5625,7.4113
2009-10-04,1.782,553.9,1920.23,13.64,7.6375
2009-10-11,1.741,554.5,1846.43,13.307,7.4035
2009-10-18,1.71,547.75,1842.75,13.111,7.35
2009-10-25,1.7173,532.5,1917.95,13.0889,7.4625
2009-11-01,1.7612,530.77,1996.14,13.1977,7.815
2009-11-08,1.7202,521.55,1984.55,13.4098,7.5358
2009-11-15,1.7225,502.0,1967.65,13.0406,7.4185
2009-11-22,1.7314,501.39,1970.85,13.0676,7.6117
2009-11-29,1.7408,493.25,1993.63,12.9291,7.4045
2009-12-06,1.7315,502.43,2007.98,12.6653,7.4245
2009-12-13,1.7585,497.65,1995.41,12.8873,7.5192
2009-12-20,1.7802,504.05,2027.7,12.8509,7.5646
2009-12-27,1.763,506.4,2042.15,12.885,7.5315
2010-01-03,1.7445,507.45,2043.79,13.1013,7.3903
2010-01-10,1.7264,493.45,1966.75,12.697,7.3539
2010-01-17,1.7723,489.0,1969.63,12.6968,7.3986
2010-01-24,1.8247,505.85,1968.9,12.9745,7.6359
2010-01-31,1.895,524.75,1981.9,13.095,7.6263
2010-02-07,1.8793,538.55,2007.94,13.1409,7.7872
2010-02-14,1.8544,528.65,1935.23,12.9406,7.6938
2010-02-21,1.8027,531.75,1921.73,12.7977,7.662
2010-02-28,1.8076,524.55,1926.56,12.772,7.7154
2010-03-07,1.7782,508.83,1896.5,12.6308,7.4073
2010-03-14,1.7624,517.75,1899.65,12.5322,7.3944
2010-03-21,1.8017,529.05,1907.25,12.5854,7.3351
2010-03-28,1.819,534.2,1937.18,12.4962,7.4309
2010-04-04,1.7646,521.8,1917.6,12.3026,7.2463
2010-04-11,1.764,516.09,1928.75,12.1871,7.254
2010-04-18,1.7582,523.5,1946.9,12.2756,7.39
2010-04-25,1.7565,521.05,1951.05,12.1795,7.4184
2010-05-02,1.7394,518.85,1956.75,12.3109,7.389
2010-05-09,1.838,533.05,2024.0,12.8702,7.6597
2010-05-16,1.7993,535.75,1980.05,12.5899,7.5488
2010-05-23,1.8534,543.5,1991.28,12.9491,7.8549
2010-05-30,1.8171,529.75,1971.93,12.9604,7.6325
2010-06-06,1.8654,541.35,1966.15,12.9561,7.7923
2010-06-13,1.8107,537.25,1924.56,12.6548,7.685
2010-06-20,1.7721,534.9,1909.6,12.51,7.4805
2010-06-27,1.7802,537.25,1899.6,12.6491,7.625
2010-07-04,1.7721,537.15,1888.6,13.0828,7.7364
2010-07-11,1.7554,539.25,1873.55,12.7693,7.5988
2010-07-18,1.7821,530.05,1877.85,12.9351,7.6105
2010-07-25,1.7738,520.28,1868.25,12.7317,7.4345
2010-08-01,1.7549,521.25,1843.5,12.6453,7.2972
2010-08-08,1.7609,514.23,1816.1,12.6925,7.225
2010-08-15,1.772,509.63,1836.95,12.7278,7.307
2010-08-22,1.7562,504.5,1820.0,12.7652,7.3175
2010-08-29,1.7501,499.95,1817.48,13.0097,7.3102
2010-09-05,1.7328,495.78,1808.7,12.9335,7.1953
2010-09-12,1.7222,496.95,1798.85,12.9269,7.1913
2010-09-19,1.7213,498.5,1799.15,12.7994,7.1407
2010-09-26,1.7109,486.65,1802.2,12.5397,7.019
2010-10-03,1.6897,480.85,1797.6,12.5253,6.9309
2010-10-10,1.6661,482.08,1786.8,12.4142,6.84
2010-10-17,1.6651,479.26,1808.63,12.4343,6.8413
2010-10-24,1.7057,487.35,1828.65,12.3372,6.9385
2010-10-31,1.6991,489.15,1838.75,12.345,6.999
2010-11-07,1.6799,477.6,1820.7,12.2024,6.7749
2010-11-14,1.7222,481.45,1867.33,12.3434,6.965
2010-11-21,1.7156,480.2,1876.85,12.2603,7.0021
2010-11-28,1.7279,482.95,1908.45,12.4888,7.153
2010-12-05,1.687,480.15,1883.3,12.3369,6.876
2010-12-12,1.707,476.15,1881.85,12.4523,6.8655
2010-12-19,1.7143,472.05,1919.0,12.4035,6.88
2010-12-26,1.6909,469.95,1939.2,12.3648,6.738
2011-01-02,1.6613,468.0,1907.7,12.3401,6.6291
2011-01-09,1.684,497.63,1864.75,12.2323,6.8045
2011-01-16,1.6851,489.55,1871.75,12.0473,6.9351
2011-01-23,1.6777,493.15,1842.25,12.0642,7.0568
2011-01-30,1.683,484.35,1862.2,12.2062,7.18
2011-02-06,1.6737,479.1,1871.5,11.9863,7.2531
2011-02-13,1.6657,472.81,1886.0,12.0305,7.2788
2011-02-20,1.6621,468.73,1877.1,12.0331,7.142
2011-02-27,1.663,474.8,1907.15,12.1265,7.0245
2011-03-06,1.6546,474.05,1894.4,12.0075,6.8765
2011-03-13,1.6649,478.95,1869.88,11.9075,6.8798
2011-03-20,1.6655,481.35,1874.01,12.0527,6.9972
2011-03-27,1.662,478.97,1870.73,11.9922,6.8491
2011-04-03,1.607,475.85,1849.19,11.8385,6.6978
2011-04-10,1.5689,469.91,1817.55,11.7305,6.637
2011-04-17,1.5762,471.05,1798.43,11.6631,6.7981
2011-04-24,1.5663,467.24,1782.5,11.6048,6.7197
2011-05-01,1.5754,460.45,1767.0,11.4959,6.5686
2011-05-08,1.6149,467.97,1768.9,11.637,6.7051
2011-05-15,1.6362,467.56,1807.71,11.7278,7.0206
2011-05-22,1.6228,466.8,1815.28,11.6473,6.9147
2011-05-29,1.5945,466.9,1807.64,11.6035,6.929
2011-06-05,1.5763,467.85,1783.5,11.6638,6.7137
2011-06-12,1.597,467.67,1777.45,11.9065,6.8063
2011-06-19,1.5978,472.1,1791.8,11.9023,6.7619
2011-06-26,1.6046,473.9,1793.25,11.9001,6.9005
2011-07-03,1.556,465.28,1762.3,11.6071,6.7308
2011-07-10,1.5625,462.84,1760.23,11.6256,6.7085
2011-07-17,1.5745,462.52,1758.06,11.742,6.8846
2011-07-24,1.552,461.57,1756.4,11.6366,6.774
2011-07-31,1.5493,457.79,1778.38,11.7354,6.691
2011-08-07,1.5761,465.17,1789.75,11.9914,6.9246
2011-08-14,1.6117,470.73,1785.7,12.3087,7.181
2011-08-21,1.5996,468.39,1782.9,12.298,7.1872
2011-08-28,1.6033,466.06,1794.5,12.4549,7.1476
2011-09-04,1.641,460.06,1783.0,12.4079,7.0601
2011-09-11,1.6741,469.45,1798.8,12.6919,7.2845
2011-09-18,1.7331,480.38,1821.41,13.0464,7.4915
2011-09-25,1.8339,517.36,1903.94,13.56,8.1198
2011-10-02,1.8793,519.75,1931.98,13.8973,8.0967
2011-10-09,1.7715,518.5,1934.8,13.4598,8.0018
2011-10-16,1.7328,499.76,1886.1,13.243,7.832
2011-10-23,1.7755,513.15,1892.32,13.6752,8.0408
2011-10-30,1.6721,491.15,1861.6,12.9989,7.7259
2011-11-06,1.7517,496.59,1911.5,13.4901,7.9047
2011-11-13,1.7435,497.97,1911.0,13.5395,7.9365
2011-11-20,1.7865,510.89,1914.42,13.7267,8.1975
2011-11-27,1.8917,527.1,1956.68,14.2305,8.5427
2011-12-04,1.7907,514.45,1940.57,13.6363,8.0437
2011-12-11,1.7981,509.95,1925.5,13.5744,8.0959
2011-12-18,1.8513,517.6,1940.97,13.8775,8.399
2011-12-25,1.8571,520.1,1920.16,13.845,8.1621
2012-01-01,1.8668,519.55,1938.5,13.9357,8.09
2012-01-08,1.8566,510.93,1880.35,13.7391,8.1756
2012-01-15,1.7863,503.46,1841.05,13.5985,8.1299
2012-01-22,1.7552,492.25,1823.9,13.1813,7.9516
2012-01-29,1.737,484.55,1807.03,12.9169,7.7559
2012-02-05,1.7179,478.86,1784.5,12.6596,7.5218
2012-02-12,1.7224,478.8,1784.15,12.8021,7.7493
2012-02-19,1.7139,484.54,1778.5,12.7593,7.7418
2012-02-26,1.71,480.41,1775.75,12.9041,7.5986
2012-03-04,1.7304,483.85,1774.0,12.7599,7.5208
2012-03-11,1.7912,483.21,1762.35,12.6425,7.5692
2012-03-18,1.7998,482.55,1759.7,12.6692,7.5577
2012-03-25,1.8102,489.05,1760.27,12.7474,7.6806
2012-04-01,1.8268,488.35,1788.75,12.8107,7.673
2012-04-08,1.8228,484.2,1773.51,12.9842,7.8834
2012-04-15,1.8386,484.95,1775.5,13.1775,7.9491
2012-04-22,1.8724,486.25,1771.1,13.101,7.8123
2012-04-29,1.8878,483.35,1764.4,12.9678,7.7445
2012-05-06,1.9276,483.24,1758.7,13.168,7.831
2012-05-13,1.9665,487.0,1762.85,13.5745,8.097
2012-05-20,2.0238,506.11,1822.9,13.8158,8.3381
2012-05-27,1.9874,509.56,1832.7,14.0288,8.4058
2012-06-03,2.0401,518.49,1830.63,14.3129,8.5753
2012-06-10,2.0237,502.2,1776.75,13.9212,8.3876
2012-06-17,2.0509,499.95,1783.9,13.92,8.3547
2012-06-24,2.0665,503.17,1791.03,13.8624,8.3998
2012-07-01,2.0094,501.07,1783.76,13.3608,8.1642
2012-07-08,2.0282,498.45,1784.55,13.3909,8.2591
2012-07-15,2.0371,490.65,1775.97,13.2904,8.2656
2012-07-22,2.0242,489.03,1780.0,13.362,8.2868
2012-07-29,2.0216,483.8,1791.56,13.2393,8.157
2012-08-05,2.0284,481.15,1786.88,13.1349,8.1489
2012-08-12,2.0157,479.1,1790.52,13.0833,8.0916
2012-08-19,2.0155,483.27,1819.77,13.1225,8.3172
2012-08-26,2.0266,481.04,1814.55,13.1731,8.4003
2012-09-02,2.0308,480.58,1825.2,13.191,8.4
2012-09-09,2.029,475.82,1800.09,12.9808,8.1709
2012-09-16,2.0121,470.5,1793.78,12.7149,8.2059
2012-09-23,2.0231,473.35,1798.35,12.8585,8.278
2012-09-30,2.0264,474.7,1800.53,12.8585,8.3146
2012-10-07,2.0306,473.45,1795.9,12.7948,8.7793
2012-10-14,2.0426,472.34,1797.5,12.8682,8.7295
2012-10-21,2.0273,474.75,1798.6,12.8853,8.6614
2012-10-28,2.027,480.58,1828.03,12.9897,8.6431
2012-11-04,2.0314,480.9,1826.4,13.0367,8.77
2012-11-11,2.0462,479.7,1815.35,13.2003,8.7105
2012-11-18,2.0851,484.79,1824.05,13.1322,8.8709
2012-11-25,2.0815,478.77,1823.8,12.9647,8.877
2012-12-02,2.136,480.87,1814.83,12.9667,8.9088
2012-12-09,2.0751,476.99,1796.66,12.8505,8.6556
2012-12-16,2.086,473.98,1796.4,12.7423,8.6167
2012-12-23,2.0791,478.11,1776.85,12.9268,8.5923
2012-12-30,2.0475,479.47,1760.75,13.0245,8.4797
2013-01-06,2.0325,473.25,1771.0,12.7417,8.5619
2013-01-13,2.0339,472.02,1763.58,12.6551,8.72
2013-01-20,2.0414,471.55,1769.33,12.6621,8.8805
2013-01-27,2.03,471.84,1779.9,12.7063,8.9446
2013-02-03,1.988,471.46,1776.18,12.6062,8.8398
2013-02-10,1.9727,472.34,1788.75,12.7239,8.8821
2013-02-17,1.9688,471.2,1787.05,12.6899,8.855
2013-02-24,1.9727,473.55,1798.99,12.7037,8.865
2013-03-03,1.9797,474.15,1812.75,12.7584,9.0642
2013-03-10,1.9442,471.55,1801.5,12.6279,9.0896
2013-03-17,1.9831,471.73,1806.2,12.4342,9.1843
2013-03-24,2.0094,472.71,1828.4,12.3511,9.3005
2013-03-31,2.0217,472.15,1825.0,12.3312,9.2362
2013-04-07,1.9853,468.95,1819.73,12.1752,9.0974
2013-04-14,1.9695,470.34,1826.1,12.0759,8.9434
2013-04-21,2.0111,476.92,1837.08,12.262,9.2256
2013-04-28,1.9988,472.95,1834.44,12.1444,9.1019
2013-05-05,2.0089,469.93,1834.38,12.073,8.9097
2013-05-12,2.0204,473.88,1833.98,12.0849,9.1219
2013-05-19,2.0352,481.12,1841.79,12.3473,9.4038
2013-05-26,2.0515,488.38,1878.75,12.541,9.5762
2013-06-02,2.1411,500.82,1902.48,12.8089,10.0915
2013-06-09,2.1319,501.62,1892.0,12.765,9.9633
2013-06-16,2.1516,492.55,1882.12,12.7128,9.9452
2013-06-23,2.2422,511.67,1937.3,13.305,10.1623
2013-06-30,2.2317,508.42,1922.77,12.9308,9.8806
2013-07-07,2.2524,508.07,1928.34,13.0762,10.2042
2013-07-14,2.2672,504.53,1904.82,12.8168,9.9837
2013-07-21,2.2471,503.22,1882.37,12.5325,9.8741
2013-07-28,2.2562,507.61,1885.36,12.6675,9.7704
2013-08-04,2.2874,512.19,1889.1,12.6625,9.8355
2013-08-11,2.2718,506.91,1872.9,12.6174,9.8186
2013-08-18,2.3925,512.74,1911.72,12.911,10.0916
2013-08-25,2.3488,510.29,1916.98,12.9573,10.2438
2013-09-01,2.3855,510.2,1932.95,13.38,10.2799
2013-09-08,2.3066,507.1,1950.23,13.167,10.0155
2013-09-15,2.2802,505.77,1923.3,13.0423,9.9302
2013-09-22,2.2105,496.19,1896.26,12.8577,9.8881
2013-09-29,2.2523,503.34,1910.8,13.1407,10.0886
2013-10-06,2.2117,499.22,1886.8,13.0848,9.9867
2013-10-13,2.1761,497.98,1880.7,12.9925,9.8941
2013-10-20,2.17,496.87,1881.32,12.8575,9.7884
2013-10-27,2.1872,505.73,1882.55,12.8812,9.827
2013-11-03,2.2538,515.8,1903.53,13.0599,10.1898
2013-11-10,2.3133,519.2,1922.97,13.1681,10.3377
2013-11-17,2.3143,521.1,1917.43,12.9346,10.1605
2013-11-24,2.2794,519.72,1928.95,12.968,10.0695
2013-12-01,2.336,532.27,1931.49,13.1093,10.1742
2013-12-08,2.332,525.99,1932.35,12.9318,10.3194
2013-12-15,2.3301,529.89,1931.85,12.883,10.292
2013-12-22,2.3874,529.85,1933.5,12.9785,10.3558
2013-12-29,2.3383,524.35,1929.5,13.0563,10.5304
2014-01-05,2.3765,529.53,1937.85,13.1075,10.76
2014-01-12,2.3584,529.33,1924.91,12.9676,10.6435
2014-01-19,2.3425,539.46,1964.59,13.2459,10.866
2014-01-26,2.3975,550.6,1994.0,13.46,11.0886
2014-02-02,2.4128,555.8,2015.93,13.3573,11.1206
2014-02-09,2.3792,554.14,2047.54,13.2822,11.0644
2014-02-16,2.3889,547.25,2017.01,13.2416,10.8609
2014-02-23,2.3457,554.76,2044.33,13.2648,10.9296
2014-03-02,2.3443,558.75,2046.33,13.2492,10.7551
2014-03-09,2.3409,566.07,2036.63,13.1872,10.7295
2014-03-16,2.3467,571.79,2041.6,13.2107,10.6711
2014-03-23,2.3251,562.08,1994.51,13.2313,10.8898
2014-03-30,2.2612,550.16,1964.85,13.073,10.5765
2014-04-06,2.2358,555.54,1950.86,13.0039,10.5625
2014-04-13,2.2187,549.13,1927.72,13.0425,10.49
2014-04-20,2.2367,557.36,1929.83,13.0525,10.505
2014-04-27,2.2436,560.43,1942.61,13.1337,10.6685
2014-05-04,2.2214,562.7,1925.88,13.0151,10.4796
2014-05-11,2.2128,554.99,1903.6,12.948,10.3481
2014-05-18,2.2148,550.93,1924.93,12.9028,10.3552
2014-05-25,2.2233,553.86,1910.03,12.8562,10.2993
2014-06-01,2.2415,549.84,1897.1,12.858,10.5723
2014-06-08,2.2473,549.69,1882.96,12.9292,10.5875
2014-06-15,2.2243,556.69,1881.6,13.0151,10.6777
2014-06-22,2.23,556.1,1882.6,12.9909,10.6507
2014-06-29,2.1938,551.66,1880.15,12.9625,10.588
2014-07-06,2.2138,549.37,1846.5,12.9741,10.7571
2014-07-13,2.221,554.38,1857.45,12.9954,10.7055
2014-07-20,2.2262,567.7,1869.13,12.9476,10.6476
2014-07-27,2.2298,563.06,1850.0,12.9462,10.5125
2014-08-03,2.2577,573.64,1875.88,13.1823,10.6784
2014-08-10,2.2833,575.9,1889.6,13.2487,10.6594
2014-08-17,2.2601,577.19,1884.38,13.0742,10.5919
2014-08-24,2.2775,583.02,1924.21,13.137,10.6908
2014-08-31,2.2359,587.48,1920.58,13.0847,10.6666
2014-09-07,2.2418,586.4,1934.92,13.0327,10.6931
2014-09-14,2.339,592.33,1997.03,13.2587,11.023
2014-09-21,2.3682,596.2,1971.8,13.2104,11.0798
2014-09-28,2.4201,598.6,2017.7,13.4467,11.2285
2014-10-05,2.4584,597.65,2027.42,13.4885,11.3444
2014-10-12,2.4291,592.15,2049.19,13.4802,11.12
2014-10-19,2.4354,586.52,2063.9,13.5237,11.0805
2014-10-26,2.4739,584.3,2065.6,13.5596,10.9303
2014-11-02,2.4778,578.06,2057.6,13.4813,11.0395
2014-11-09,2.5587,587.85,2098.92,13.541,11.2705
2014-11-16,2.6017,594.9,2157.81,13.5346,11.0835
2014-11-23,2.5158,594.53,2146.45,13.6175,10.9458
2014-11-30,2.5654,608.25,2217.05,13.9293,11.0629
2014-12-07,2.5885,611.88,2317.6,14.3591,11.3519
2014-12-14,2.6541,618.78,2405.44,14.7624,11.5916
2014-12-21,2.6595,611.3,2296.15,14.5977,11.5827
2014-12-28,2.6692,607.95,2367.35,14.7158,11.5973
2015-01-04,2.6942,613.41,2374.0,14.8384,11.6832
2015-01-11,2.6329,614.75,2416.97,14.603,11.4947
2015-01-18,2.6223,628.1,2368.0,14.5582,11.55
2015-01-25,2.5802,625.6,2389.5,14.6572,11.4047
2015-02-01,2.6829,634.76,2440.31,14.977,11.6476
2015-02-08,2.7819,626.9,2381.45,14.8484,11.5039
2015-02-15,2.8347,618.59,2384.6,14.8852,11.666
2015-02-22,2.8695,616.01,2458.24,15.0313,11.6426
2015-03-01,2.8412,617.65,2499.59,14.9499,11.6585
2015-03-08,3.064,627.6,2584.69,15.4986,12.0438
2015-03-15,3.2487,639.22,2669.65,15.4877,12.4792
2015-03-22,3.2308,633.0,2572.61,15.0562,12.0189
2015-03-29,3.2497,623.06,2557.67,15.2373,12.0438
2015-04-05,3.1229,615.3,2566.0,14.8272,11.7997
2015-04-12,3.0754,620.23,2508.65,15.2263,11.9962
2015-04-19,3.0408,612.79,2499.73,15.3356,12.0675
2015-04-26,2.9513,612.9,2453.6,15.382,12.1222
2015-05-03,3.0145,611.79,2391.5,15.542,12.0658
2015-05-10,2.9746,604.6,2355.02,15.1208,11.9183
2015-05-17,2.9969,595.79,2414.5,15.0077,11.7974
2015-05-24,3.0942,608.48,2491.31,15.266,11.8919
2015-05-31,3.1787,617.95,2532.27,15.378,12.1525
2015-06-07,3.1424,636.8,2623.18,15.7115,12.5792
2015-06-14,3.1197,632.38,2526.56,15.4032,12.3793
2015-06-21,3.0978,632.7,2553.4,15.3486,12.1636
2015-06-28,3.1293,635.01,2584.09,15.5582,12.2014
2015-07-05,3.1343,636.44,2637.02,15.7302,12.3166
2015-07-12,3.1602,646.75,2673.2,15.7137,12.4503
2015-07-19,3.1881,645.9,2760.95,15.9266,12.36
2015-07-26,3.3551,661.06,2852.76,16.2669,12.6686
2015-08-02,3.4214,671.88,2880.38,16.1088,12.6808
2015-08-09,3.5072,677.28,2937.5,16.1575,12.6263
2015-08-16,3.4827,684.34,2993.2,16.3747,12.8248
2015-08-23,3.4998,698.0,3107.65,16.9871,12.9695
2015-08-30,3.5815,692.56,3075.72,16.75,13.3016
2015-09-06,3.8434,692.35,3126.3,16.9398,13.8542
2015-09-13,3.8708,688.11,3043.0,16.8387,13.5534
2015-09-20,3.9454,680.25,2984.5,16.6523,13.3284
2015-09-27,3.9755,701.51,3073.83,16.972,13.9152
2015-10-04,3.933,689.31,3019.41,16.7588,13.7316
2015-10-11,3.7633,678.0,2869.11,16.432,13.3512
2015-10-18,3.9236,674.98,2883.53,16.426,13.0851
2015-10-25,3.8763,686.76,2915.6,16.5919,13.6412
2015-11-01,3.8558,691.41,2896.6,16.5021,13.8224
2015-11-08,3.7688,699.56,2891.48,16.8075,14.1639
2015-11-15,3.8494,704.24,3075.27,16.6833,14.3862
2015-11-22,3.7058,710.5,3063.0,16.5384,13.9611
2015-11-29,3.8466,711.49,3105.93,16.6268,14.4066
2015-12-06,3.7525,702.67,3201.91,16.6552,14.3747
2015-12-13,3.8728,708.9,3331.0,17.3925,15.8952
2015-12-20,3.9831,698.75,3329.45,17.1383,15.0928
2015-12-27,3.9443,700.03,3186.3,17.2394,15.2288
2016-01-03,3.9608,708.6,3174.5,17.2626,15.5575
2016-01-10,4.0248,727.76,3267.05,17.9354,16.3039
2016-01-17,4.049,731.18,3301.59,18.2648,16.7853
2016-01-24,4.0938,715.69,3308.6,18.4422,16.4684
2016-01-31,3.9992,711.6,3284.99,18.1065,15.8907
2016-02-07,3.9039,704.75,3333.49,18.4396,16.0268
2016-02-14,4.003,705.88,3382.94,18.9083,15.8822
2016-02-21,4.022,699.98,3356.25,18.2208,15.3981
2016-02-28,4.0,691.7,3342.05,18.2747,16.1679
2016-03-06,3.7529,680.17,3157.11,17.7746,15.3447
2016-03-13,3.5856,683.19,3150.95,17.6987,15.2245
2016-03-20,3.6242,675.66,3073.0,17.3934,15.2645
2016-03-27,3.6786,680.8,3073.19,17.5386,15.4551
2016-04-03,3.5538,669.16,3037.1,17.3391,14.701
2016-04-10,3.5904,683.01,3090.01,17.7763,14.9799
2016-04-17,3.5321,666.77,2997.21,17.5529,14.5545
2016-04-24,3.5663,668.6,2947.2,17.4747,14.3973
2016-05-01,3.4358,660.45,2849.97,17.177,14.2302
2016-05-08,3.5019,664.78,2957.96,17.868,14.8839
2016-05-15,3.5335,690.69,2992.48,18.1705,15.4038
2016-05-22,3.5212,691.17,3052.0,18.3465,15.6329
2016-05-29,3.6115,685.65,3071.1,18.4751,15.7283
2016-06-05,3.5273,683.46,3019.43,18.5919,15.0931
2016-06-12,3.4196,683.5,2971.0,18.6328,15.2304
2016-06-19,3.416,684.11,3009.85,18.8375,15.1497
2016-06-26,3.3748,679.51,2972.01,18.9278,15.0823
2016-07-03,3.2364,661.14,2932.91,18.3605,14.5606
2016-07-10,3.3,659.79,2933.33,18.505,14.5379
2016-07-17,3.2802,652.3,2923.35,18.6048,14.5736
2016-07-24,3.2565,650.46,2950.65,18.5463,14.2924
2016-07-31,3.2489,655.7,3071.3,18.7527,13.8787
2016-08-07,3.1655,656.82,3038.0,18.7542,13.727
2016-08-14,3.1922,649.45,2930.45,18.2602,13.4764
2016-08-21,3.205,660.37,2857.79,18.22,13.5163
2016-08-28,3.2657,668.2,2890.82,18.5925,14.3694
2016-09-04,3.2569,671.7,2936.51,18.5783,14.4932
2016-09-11,3.2741,670.51,2919.28,18.8986,14.4158
2016-09-18,3.2629,674.99,2958.0,19.6106,14.182
2016-09-25,3.244,661.06,2917.0,19.7893,13.7176
2016-10-02,3.2624,657.33,2882.06,19.3852,13.7225
2016-10-09,3.2212,669.73,2927.14,19.3009,13.872
2016-10-16,3.2062,670.46,2922.08,19.0079,14.3182
2016-10-23,3.1563,666.28,2933.17,18.5946,13.9849
2016-10-30,3.2006,649.19,2988.38,18.9844,13.8352
2016-11-06,3.2362,657.46,3060.5,19.0266,13.5823
2016-11-13,3.4023,669.35,3044.48,20.8492,14.3352
2016-11-20,3.3818,678.64,3182.2,20.6435,14.4222
2016-11-27,3.4141,679.66,3173.0,20.6538,14.11
2016-12-04,3.4769,671.02,3088.4,20.6281,13.8021
2016-12-11,3.3802,651.54,3006.21,20.3894,13.796
2016-12-18,3.3879,673.57,3007.98,20.4395,14.0325
2016-12-25,3.2703,674.1,3000.43,20.6095,13.998
2017-01-01,3.2552,670.4,3002.0,20.7272,13.7401
2017-01-08,3.2226,668.07,2923.26,21.2217,13.7596
2017-01-15,3.2176,659.08,2947.25,21.4765,13.5157
2017-01-22,3.1743,656.99,2920.63,21.5877,13.5986
2017-01-29,3.1409,651.0,2932.5,20.8863,13.4737
2017-02-05,3.123,638.82,2851.94,20.3631,13.2667
2017-02-12,3.1151,639.85,2853.98,20.3461,13.3365
2017-02-19,3.0978,644.82,2891.56,20.4292,13.0382
2017-02-26,3.1104,646.19,2890.09,19.9115,12.9518
2017-03-05,3.1155,657.8,2981.66,19.51,13.0275
2017-03-12,3.1419,664.0,2983.5,19.6086,13.1786
2017-03-19,3.0916,662.28,2913.56,19.0772,12.7271
2017-03-26,3.108,660.48,2897.71,18.7579,12.4334
2017-04-02,3.122,660.17,2873.98,18.7249,13.4136
2017-04-09,3.1464,655.66,2862.73,18.6662,13.759
2017-04-16,3.1442,649.7,2866.7,18.521,13.4377
2017-04-23,3.1473,652.46,2878.36,18.8112,13.1166
2017-04-30,3.1768,667.35,2943.0,18.8206,13.3701
2017-05-07,3.1775,672.11,2949.26,18.988,13.418
2017-05-14,3.1224,671.35,2918.33,18.8206,13.3638
2017-05-21,3.2543,669.23,2885.21,18.7276,13.2312
2017-05-28,3.2602,672.1,2910.93,18.5157,12.8819
2017-06-04,3.2457,669.54,2895.62,18.6812,12.8157
2017-06-11,3.2968,663.49,2917.29,18.1721,12.9457
2017-06-18,3.2919,664.34,2974.82,17.9129,12.814
2017-06-25,3.3427,661.46,3023.5,18.0072,12.9297
2017-07-02,3.3082,663.9,3045.67,18.1203,13.0744
2017-07-09,3.2811,667.25,3088.37,18.0912,13.3842
2017-07-16,3.1796,657.41,3027.8,17.564,13.0357
2017-07-23,3.1433,651.27,3014.29,17.6542,12.9175
2017-07-30,3.1316,653.93,3000.72,17.7769,13.0261
2017-08-06,3.1318,650.29,2986.96,17.889,13.4487
2017-08-13,3.1937,646.8,2977.49,17.8321,13.4682
2017-08-20,3.1472,646.45,2987.69,17.7107,13.1582
2017-08-27,3.159,634.9,2926.31,17.6151,13.0224
2017-09-03,3.1404,624.34,2931.3,17.8139,12.9391
2017-09-10,3.0872,620.35,2907.0,17.7114,12.9291
2017-09-17,3.1104,625.53,2897.36,17.6607,13.1569
2017-09-24,3.125,624.34,2906.03,17.7454,13.2523
2017-10-01,3.1625,639.11,2937.65,18.2545,13.559
2017-10-08,3.1555,632.61,2939.67,18.5304,13.7477
2017-10-15,3.146,623.6,2934.61,18.9112,13.268
2017-10-22,3.1938,629.04,2937.38,18.9965,13.6444
2017-10-29,3.2356,635.65,3009.92,19.133,14.1034
2017-11-05,3.3138,634.51,3037.96,19.2032,14.224
2017-11-12,3.2837,630.92,3007.71,19.1017,14.3773
2017-11-19,3.2593,626.85,3001.5,18.9173,13.9981
2017-11-26,3.2322,634.23,2982.76,18.5575,14.1585
2017-12-03,3.2578,647.27,2998.58,18.6333,13.738
2017-12-10,3.2935,655.58,3010.96,18.9292,13.6672
2017-12-17,3.3024,636.21,2997.99,19.1175,13.0996
2017-12-24,3.3376,622.64,2960.72,19.7498,12.6212
2017-12-31,3.3125,615.43,2985.78,19.659,12.3828
2018-01-07,3.2293,605.78,2905.55,19.1793,12.312
2018-01-14,3.2054,603.18,2859.78,19.0371,12.3668
2018-01-21,3.1964,608.21,2851.13,18.6353,12.1962
2018-01-28,3.1478,601.68,2813.05,18.4901,11.8623
2018-02-04,3.2191,602.98,2841.84,18.5949,12.0876
2018-02-11,3.3011,603.76,2940.98,18.7006,11.9934
2018-02-18,3.2311,593.35,2837.61,18.5249,11.596
2018-02-25,3.2389,591.38,2845.47,18.5545,11.5592
2018-03-04,3.2532,599.16,2864.21,18.8225,11.9236
2018-03-11,3.2555,602.7,2870.2,18.6209,11.8149
2018-03-18,3.2802,608.21,2854.48,18.6901,11.9755
2018-03-25,3.3123,607.79,2841.88,18.5255,11.7473
2018-04-01,3.3063,603.9,2794.06,18.1812,11.8408
2018-04-08,3.3694,605.08,2792.87,18.2896,12.0329
2018-04-15,3.423,594.54,2712.29,18.0447,12.073
2018-04-22,3.4135,596.05,2759.86,18.5298,12.1075
2018-04-29,3.4578,607.94,2806.21,18.6129,12.3294
2018-05-06,3.5285,621.7,2822.93,19.2714,12.4991
2018-05-13,3.6002,619.82,2836.13,19.4248,12.2576
2018-05-20,3.7375,636.75,2923.55,19.9527,12.7643
2018-05-27,3.6536,623.6,2879.0,19.5435,12.5018
2018-06-03,3.7655,631.2,2866.66,19.9395,12.6883
2018-06-10,3.7083,630.8,2859.39,20.29,13.0677
2018-06-17,3.7296,633.88,2895.6,20.6268,13.4307
2018-06-24,3.7854,636.85,2915.53,20.0118,13.4373
2018-07-01,3.8769,653.9,2931.61,19.9078,13.725
2018-07-08,3.8627,656.8,2872.36,19.0413,13.4719
2018-07-15,3.8503,650.74,2859.62,18.8913,13.2723
2018-07-22,3.7697,659.85,2878.91,19.0234,13.4043
2018-07-29,3.7115,642.78,2887.35,18.6299,13.1723
2018-08-05,3.7071,642.82,2892.24,18.562,13.323
2018-08-12,3.8642,654.9,2944.92,18.91,14.0934
2018-08-19,3.91,670.3,3030.3,18.8906,14.6382
2018-08-26,4.1045,660.75,2957.79,18.9111,14.2484
2018-09-02,4.0551,682.8,3047.77,19.085,14.6887
2018-09-09,4.0559,690.49,3058.07,19.3177,15.237
2018-09-16,4.173,687.35,3023.37,18.8888,14.9328
2018-09-23,4.0501,664.11,3000.29,18.8287,14.3212
2018-09-30,4.0504,656.83,2966.17,18.7183,14.1415
2018-10-07,3.8398,677.33,3031.74,18.8246,14.7685
2018-10-14,3.78,679.53,3094.79,18.8599,14.5185
2018-10-21,3.7108,680.68,3079.08,19.2827,14.4142
2018-10-28,3.6421,687.64,3180.41,19.3609,14.5996
2018-11-04,3.7018,685.98,3183.85,20.0141,14.299
2018-11-11,3.7299,684.71,3180.19,20.1363,14.3582
2018-11-18,3.7393,670.95,3166.64,20.1666,13.993
2018-11-25,3.828,675.55,3228.07,20.4061,13.8608
2018-12-02,3.8671,672.63,3235.24,20.3668,13.8699
2018-12-09,3.9065,675.07,3147.24,20.2604,14.1643
2018-12-16,3.9125,685.1,3195.04,20.2374,14.398
2018-12-23,3.8986,692.4,3291.4,19.9389,14.643
2018-12-30,3.8764,693.6,3254.25,19.6587,14.4331
2019-01-06,3.7154,682.29,3193.45,19.4172,13.9649
2019-01-13,3.714,674.58,3137.95,19.1443,13.8405
2019-01-20,3.7541,669.53,3124.75,19.0977,13.8479
2019-01-27,3.7709,667.24,3151.94,18.9877,13.6192
2019-02-03,3.6572,652.1,3091.48,19.1055,13.3249
2019-02-10,3.7319,658.89,3116.39,19.077,13.6245
2019-02-17,3.7015,663.85,3134.21,19.2516,14.0811
2019-02-24,3.7468,651.05,3106.14,19.1448,14.0001
2019-03-03,3.778,658.68,3096.63,19.2714,14.2295
2019-03-10,3.8655,671.6,3174.18,19.4925,14.4391
2019-03-17,3.815,668.74,3119.49,19.2082,14.4013
2019-03-24,3.9065,680.05,3134.0,19.0924,14.4976
2019-03-31,3.921,679.72,3188.74,19.4279,14.5012
2019-04-07,3.8732,664.69,3123.83,19.0722,14.0931
2019-04-14,3.8818,661.02,3115.52,18.7544,13.9667
2019-04-21,3.9278,662.2,3158.0,18.7903,14.0599
2019-04-28,3.9321,674.65,3228.94,18.9378,14.3917
2019-05-05,3.9385,677.99,3238.88,18.9193,14.3515
2019-05-12,3.9555,686.53,3273.85,19.1036,14.1597
2019-05-19,4.0987,695.89,3320.43,19.1698,14.4298
2019-05-26,4.0229,694.63,3358.78,19.0517,14.4119
2019-06-02,3.9229,710.21,3379.55,19.6165,14.5803
2019-06-09,3.881,692.05,3268.63,19.6204,14.9515
2019-06-16,3.8964,699.93,3273.95,19.1548,14.822
2019-06-23,3.8222,684.16,3202.61,19.1245,14.3346
2019-06-30,3.8497,678.73,3211.36,19.2229,14.0869
2019-07-07,3.8214,683.49,3211.76,19.0155,14.1766
2019-07-14,3.7375,679.43,3192.24,18.9895,13.9599
2019-07-21,3.7486,686.8,3174.17,19.0305,13.9358
2019-07-28,3.7778,694.98,3238.05,19.0504,14.2957
2019-08-04,3.8886,713.19,3385.65,19.3044,14.7856
2019-08-11,3.9425,711.49,3395.53,19.4133,15.253
2019-08-18,4.0059,708.58,3429.47,19.6595,15.3058
2019-08-25,4.1233,718.39,3423.3,19.9219,15.2496
2019-09-01,4.1455,721.62,3442.29,20.063,15.1954
2019-09-08,4.0621,712.27,3356.49,19.5324,14.805
2019-09-15,4.0868,707.07,3363.6,19.4062,14.579
2019-09-22,4.1476,717.53,3417.0,19.447,14.935
2019-09-29,4.1587,726.8,3459.47,19.6916,15.1275
2019-10-06,4.0568,715.51,3435.17,19.5147,15.0506
2019-10-13,4.1097,710.2,3430.59,19.3206,14.7756
2019-10-20,4.1133,711.82,3426.04,19.0997,14.791
2019-10-27,4.0054,727.99,3395.91,19.0627,14.6269
2019-11-03,3.9909,740.75,3323.47,19.124,15.0374
2019-11-10,4.1676,747.59,3339.29,19.101,14.8533
2019-11-17,4.1893,777.29,3426.42,19.179,14.7114
2019-11-24,4.1952,798.86,3424.87,19.3761,14.716
2019-12-01,4.2371,809.46,3517.05,19.5302,14.6706
2019-12-08,4.1389,778.27,3423.14,19.3063,14.6224
2019-12-15,4.1079,763.63,3386.65,19.0407,14.531
2019-12-22,4.0972,753.1,3331.36,18.9323,14.2536
2019-12-29,4.0475,747.27,3301.23,18.8492,14.0304
2020-01-05,4.0584,756.23,3253.63,18.9096,14.3019
2020-01-12,4.0979,772.05,3271.95,18.7952,14.3661
2020-01-19,4.1616,772.73,3332.62,18.6607,14.4699
2020-01-26,4.1821,777.53,3366.5,18.7857,14.3939
2020-02-02,4.2828,800.54,3420.57,18.8447,15.0282
2020-02-09,4.3176,790.87,3415.75,18.7656,15.0636
2020-02-16,4.2921,791.4,3392.61,18.5415,14.9118
2020-02-23,4.3885,802.71,3382.43,18.8954,15.0052
2020-03-01,4.472,820.93,3524.13,19.6437,15.6609
2020-03-08,4.6269,826.47,3588.1,20.1104,15.679
2020-03-15,4.8403,837.63,4004.02,21.9229,16.276
2020-03-22,5.0631,863.22,4119.7,24.4189,17.6099
2020-03-29,5.1002,834.87,3973.3,23.3426,17.624
2020-04-05,5.3509,864.87,4027.59,25.0146,19.0403
2020-04-12,5.109,838.51,3836.57,23.3105,17.9619
2020-04-19,5.2344,853.94,3940.69,23.6963,18.8086
2020-04-26,5.5869,858.86,4042.44,24.9772,19.0444
2020-05-03,5.4858,835.59,3962.72,24.5777,18.81
2020-05-10,5.7309,826.91,3892.93,23.6489,18.3474
2020-05-17,5.8552,826.28,3914.5,23.9586,18.59
2020-05-24,5.5334,805.88,3775.73,22.7324,17.6223
2020-05-31,5.337,806.47,3730.76,22.1761,17.5465
2020-06-07,4.9609,769.15,3575.07,21.5797,16.879
2020-06-14,5.0504,793.7,3779.01,22.263,17.0784
2020-06-21,5.3119,815.7,3749.48,22.633,17.3316
2020-06-28,5.4844,818.04,3749.76,23.052,17.2956
2020-07-05,5.314,802.39,3650.96,22.3871,17.0413
2020-07-12,5.3258,796.68,3611.52,22.4445,16.7873
2020-07-19,5.3863,785.33,3651.27,22.5485,16.6947
2020-07-26,5.2319,776.0,3694.15,22.2828,16.6574
2020-08-02,5.2225,757.73,3732.71,22.2765,17.0718
2020-08-09,5.4383,787.65,3751.78,22.3747,17.6383
2020-08-16,5.4229,798.27,3789.64,21.9801,17.3876
2020-08-23,5.621,793.85,3836.97,21.9749,17.1557
2020-08-30,5.3893,778.51,3752.62,21.7618,16.5956
2020-09-06,5.3018,773.16,3715.01,21.5544,16.6016
2020-09-13,5.3193,768.85,3708.04,21.276,16.7357
2020-09-20,5.3899,763.34,3734.54,21.1323,16.3274
2020-09-27,5.5627,787.13,3887.15,22.3363,17.1313
2020-10-04,5.6845,789.26,3870.37,21.6163,16.5283
2020-10-11,5.5322,797.22,3826.89,21.1387,16.4675
2020-10-18,5.646,795.84,3849.46,21.1383,16.5613
2020-10-25,5.6196,776.73,3787.35,20.8689,16.1816
2020-11-01,5.7444,773.83,3865.19,21.1774,16.2439
2020-11-08,5.3775,753.83,3722.96,20.6008,15.6033
2020-11-15,5.4625,767.25,3645.19,20.4075,15.5083
2020-11-22,5.3892,760.98,3633.8,20.105,15.3985
2020-11-29,5.3369,767.37,3606.44,20.0437,15.2413
2020-12-06,5.1298,745.05,3465.86,19.7674,15.2025
2020-12-13,5.061,733.23,3439.73,20.1317,15.1377
2020-12-20,5.0838,725.89,3418.21,19.9476,14.54
2020-12-27,5.2166,714.75,3507.79,19.8646,14.6134
2021-01-03,5.1935,710.5,3428.26,19.9035,14.6947
2021-01-10,5.4205,710.73,3472.81,20.0151,15.298
2021-01-17,5.2992,733.73,3466.59,19.7986,15.2313
2021-01-24,5.4705,728.02,3517.56,19.9745,15.1476
2021-01-31,5.4715,732.35,3569.55,20.574,15.1609
2021-02-07,5.3778,737.05,3547.77,20.0872,14.844
2021-02-14,5.3779,722.15,3504.59,19.9526,14.5475
2021-02-21,5.3872,707.95,3568.64,20.4288,14.6943
2021-02-28,5.6023,725.39,3645.04,20.8554,15.1204
2021-03-07,5.6838,736.98,3637.05,21.3127,15.3579
2021-03-14,5.5552,721.7,3575.4,20.6931,14.9508
2021-03-21,5.491,716.28,3557.78,20.5061,14.7119
2021-03-28,5.7565,729.68,3688.93,20.5834,14.9844
2021-04-04,5.7102,717.19,3661.68,20.3109,14.674
2021-04-11,5.6821,711.71,3651.64,20.1612,14.6112
2021-04-18,5.588,704.03,3602.77,19.9192,14.3101
2021-04-25,5.4764,712.05,3631.0,19.8257,14.2771
2021-05-02,5.4381,710.45,3745.22,20.2462,14.495
2021-05-09,5.2369,694.93,3762.16,19.9173,14.0574
2021-05-16,5.2728,700.41,3685.89,19.8654,14.1301
2021-05-23,5.3662,718.49,3740.12,19.9543,13.9619
2021-05-30,5.2255,723.5,3709.96,19.9379,13.7649
2021-06-06,5.0492,717.81,3610.75,19.9589,13.4316
2021-06-13,5.1181,722.56,3638.09,19.8764,13.7163
2021-06-20,5.0901,748.45,3759.79,20.6593,14.3509
2021-06-27,4.9341,733.84,3751.57,19.8239,14.1466
2021-07-04,5.0589,735.5,3748.55,19.7718,14.2509
2021-07-11,5.2598,748.5,3833.15,19.8685,14.2182
2021-07-18,5.1152,757.84,3817.6,19.8922,14.4307
2021-07-25,5.2001,762.58,3880.64,20.0665,14.8503
2021-08-01,5.2115,758.71,3876.35,19.8675,14.6019
2021-08-08,5.2327,789.46,3964.37,20.0432,14.6308
2021-08-15,5.2486,775.84,3844.38,19.8794,14.7347
2021-08-22,5.3807,786.67,3871.25,20.3651,15.2953
2021-08-29,5.2046,783.34,3834.86,20.2019,14.7229
2021-09-05,5.1926,767.75,3796.83,19.9268,14.3126
2021-09-12,5.2468,788.64,3840.17,19.8919,14.2086
2021-09-19,5.2893,784.54,3828.56,20.0182,14.718
2021-09-26,5.3355,793.04,3837.1,20.0533,14.9534
2021-10-03,5.3645,803.29,3791.54,20.4487,14.8839
2021-10-10,5.5086,824.99,3767.77,20.7005,14.9277
2021-10-17,5.4608,823.72,3763.82,20.3269,14.603
2021-10-24,5.6497,816.05,3772.94,20.179,14.8265
2021-10-31,5.6365,814.5,3767.32,20.5633,15.2412
2021-11-07,5.5424,811.53,3879.06,20.3434,15.0529
2021-11-14,5.4565,801.12,3884.84,20.5187,15.3279
2021-11-21,5.6102,829.8,3916.73,20.8302,15.7268
2021-11-28,5.6029,831.94,4015.19,21.9234,16.286
2021-12-05,5.653,841.25,3968.3,21.2743,16.0809
2021-12-12,5.6092,842.25,3893.05,20.8835,15.9761
2021-12-19,5.6858,844.8,3976.44,20.8279,15.8845
2021-12-26,5.6745,862.76,3993.99,20.6243,15.5452
2022-01-02,5.5714,851.81,4064.92,20.5294,15.9372
2022-01-09,5.6342,828.76,4051.66,20.4005,15.5806
2022-01-16,5.5289,819.75,4005.94,20.3079,15.3899
2022-01-23,5.4512,798.16,3956.75,20.4734,15.1042
2022-01-30,5.3811,813.23,3959.81,20.8051,15.5999
2022-02-06,5.3261,827.59,3956.84,20.6811,15.4622
2022-02-13,5.2481,808.65,3927.01,20.5376,15.212
2022-02-20,5.1382,801.68,3928.98,20.2921,15.1346
2022-02-27,5.1525,802.14,3913.54,20.3459,15.1563
2022-03-06,5.066,805.83,3824.7,20.9499,15.3903
2022-03-13,5.0746,804.65,3819.55,20.9143,15.0412
2022-03-20,5.0224,804.0,3819.29,20.3617,14.9694
2022-03-27,4.7421,778.1,3792.16,20.0336,14.5417
2022-04-03,4.6591,782.88,3756.08,19.8541,14.6648
2022-04-10,4.6989,815.65,3758.41,20.0463,14.6457
2022-04-17,4.7014,814.75,3742.79,19.9725,14.6254
2022-04-24,4.7961,836.25,3850.69,20.2313,15.6082
2022-05-01,4.9721,851.62,3962.57,20.428,15.7892
2022-05-08,5.0802,858.5,4049.0,20.1265,15.9963
2022-05-15,5.0604,860.63,4110.54,20.107,16.1652
2022-05-22,4.8804,836.18,3976.18,19.8626,15.8417
2022-05-29,4.7318,826.5,3927.73,19.5789,15.5903
2022-06-05,4.775,811.7,3777.98,19.5594,15.5482
2022-06-12,4.9869,845.13,3936.12,19.961,15.8567
2022-06-19,5.1531,875.69,3902.75,20.3423,16.0181
2022-06-26,5.2428,917.84,4137.45,19.8685,15.8019
2022-07-03,5.3327,931.4,4196.6,20.2629,16.4154
2022-07-10,5.2559,970.44,4401.1,20.4515,16.8726
2022-07-17,5.4079,976.4,4371.11,20.5362,17.0751
2022-07-24,5.4976,953.9,4461.75,20.5291,16.8275
2022-07-31,5.1729,901.1,4295.5,20.3672,16.6237
2022-08-07,5.165,917.22,4344.03,20.404,16.7768
2022-08-14,5.0753,876.05,4163.63,19.8487,16.1684
2022-08-21,5.1695,943.05,4383.34,20.1736,17.0033
2022-08-28,5.064,893.14,4402.23,20.0405,16.8849
2022-09-04,5.1709,877.08,4486.08,19.9457,17.305
2022-09-11,5.1487,909.5,4354.43,19.8975,17.3064
2022-09-18,5.2535,922.37,4435.28,20.0368,17.6103
2022-09-25,5.263,969.83,4445.33,20.208,17.95
2022-10-02,5.4138,968.38,4606.84,20.1382,18.0855
2022-10-09,5.2046,938.6,4621.03,20.0405,18.096
2022-10-16,5.326,962.29,4692.09,20.0813,18.3594
2022-10-23,5.1635,971.9,4916.25,19.9324,18.0892
2022-10-30,5.2966,942.4,4833.66,19.7961,18.1341
2022-11-06,5.0607,926.65,5091.75,19.5235,17.9038
2022-11-13,5.3265,892.13,4805.73,19.5034,17.2397
2022-11-20,5.3765,941.21,4989.25,19.4415,17.2559
2022-11-27,5.3985,922.46,4866.35,19.3329,17.0813
2022-12-04,5.2194,883.44,4773.6,19.4001,17.5052
2022-12-11,5.247,861.87,4809.85,19.7652,17.3542
2022-12-18,5.3068,886.93,4790.26,19.7801,17.6833
2022-12-25,5.1612,876.75,4733.08,19.3741,17.0217
2023-01-01,5.286,850.58,4850.83,19.4999,17.0374
2023-01-08,5.2256,842.06,4862.5,19.1522,17.107
2023-01-15,5.1023,820.5,4689.56,18.7663,16.8287
2023-01-22,5.2071,815.69,4618.27,18.873,17.1304
2023-01-29,5.1091,806.45,4575.34,18.7669,17.1876
2023-02-05,5.1333,795.83,4697.5,18.9688,17.4756
2023-02-12,5.2143,797.33,4799.92,18.6704,17.8582
2023-02-19,5.1623,789.05,4905.1,18.3717,18.056
2023-02-26,5.2006,825.75,4840.15,18.418,18.4266
2023-03-05,5.1981,803.78,4785.07,17.957,18.1417
2023-03-12,5.214,796.58,4715.25,18.5049,18.3173
2023-03-19,5.279,829.52,4842.28,18.9099,18.474
2023-03-26,5.2463,810.28,4728.75,18.4448,18.157
2023-04-02,5.064,794.89,4663.25,18.0462,17.7962
2023-04-09,5.0568,818.55,4570.97,18.1383,18.1949
2023-04-16,4.9082,797.02,4414.28,18.0161,18.086
2023-04-23,5.0504,802.15,4515.7,17.9883,18.1078
2023-04-30,4.9878,807.25,4696.69,18.0003,18.2902
2023-05-07,4.9514,794.79,4527.05,17.7619,18.4074
2023-05-14,4.9218,785.17,4558.78,17.5932,19.3414
2023-05-21,4.9986,798.51,4529.47,17.7859,19.4517
2023-05-28,4.9955,799.14,4447.31,17.626,19.6529
2023-06-04,4.9587,799.21,4346.51,17.5559,19.529
2023-06-11,4.8811,788.68,4186.36,17.2818,18.7564
2023-06-18,4.8239,794.65,4151.55,17.0886,18.1867
2023-06-25,4.7842,805.9,4181.04,17.1746,18.7542
2023-07-02,4.7875,801.81,4171.79,17.1248,18.8485
2023-07-09,4.8712,808.24,4164.35,17.1469,18.867
2023-07-16,4.7916,814.68,4084.23,16.7529,18.1077
2023-07-23,4.7808,822.94,3970.14,16.9884,17.96
2023-07-30,4.7311,829.2,3915.52,16.687,17.6312
2023-08-06,4.8746,852.13,4056.67,17.0802,18.4575
2023-08-13,4.9077,859.3,3963.75,17.0079,18.9508
2023-08-20,4.9698,868.86,4120.5,17.0559,18.9974
2023-08-27,4.874,846.12,4127.66,16.7476,18.6273
2023-09-03,4.9487,852.12,4057.02,17.0892,18.8419
2023-09-10,4.985,896.71,4015.17,17.5946,19.1308
2023-09-17,4.8647,885.38,3928.06,17.0784,19.0097
2023-09-24,4.9363,894.2,3986.04,17.2014,18.7553
2023-10-01,5.0325,892.8,4077.67,17.4227,18.9226
2023-10-08,5.1486,920.75,4322.79,18.1655,19.3
2023-10-15,5.0784,939.4,4240.76,18.0895,19.0022
2023-10-22,5.0352,941.77,4226.22,18.2378,19.0104
2023-10-29,5.0148,911.69,4106.3,18.1142,18.8396
2023-11-05,4.903,875.38,3978.1,17.4652,18.2604
2023-11-12,4.9097,913.28,4035.73,17.6465,18.727
2023-11-19,4.9094,888.44,4092.82,17.2319,18.359
2023-11-26,4.9021,869.02,4039.31,17.1136,18.7791
2023-12-03,4.8824,858.59,3963.7,17.1881,18.6521
2023-12-10,4.9311,872.91,3988.91,17.3471,18.9559
2023-12-17,4.9434,875.25,3939.02,17.2061,18.3119
2023-12-24,4.8611,892.71,3903.49,16.9753,18.4313
2023-12-31,4.8525,881.0,3875.34,16.9544,18.3621
2024-01-07,4.8756,889.91,3877.86,16.8792,18.6852
2024-01-14,4.8546,909.58,3910.77,16.8683,18.6537
2024-01-21,4.9289,910.76,3911.25,17.0847,19.0308
2024-01-28,4.9107,923.35,3911.13,17.1615,18.7883
2024-02-04,4.9692,949.23,3934.53,17.1444,18.8995
2024-02-11,4.9552,970.39,3921.37,17.088,19.024
2024-02-18,4.9664,971.47,3908.27,17.0562,18.8837
2024-02-25,4.9942,980.52,3963.89,17.1166,19.3143
2024-03-03,4.9547,967.74,3948.1,17.0158,19.1115
2024-03-10,4.9838,961.68,3904.34,16.8125,18.7293
2024-03-17,4.9959,942.3,3882.17,16.7144,18.7733
2024-03-24,5.0012,982.75,3893.38,16.7645,19.0295
2024-03-31,5.0145,980.15,3859.43,16.5586,18.881
2024-04-07,5.0665,949.22,3766.1,16.453,18.702
2024-04-14,5.1184,969.05,3855.95,16.6441,18.8642
2024-04-21,5.2017,956.42,3904.64,17.0948,19.1033
2024-04-28,5.1161,949.38,3902.14,17.1624,18.8093
2024-05-05,5.0724,938.88,3913.34,16.9741,18.5102
2024-05-12,5.1571,926.78,3890.11,16.7787,18.446
2024-05-19,5.1041,890.93,3829.4,16.6106,18.1665
2024-05-26,5.1682,905.36,3872.98,16.6948,18.4174
2024-06-02,5.2459,917.96,3868.19,17.0119,18.793
2024-06-09,5.3446,918.33,3932.63,18.396,18.9035
2024-06-16,5.3767,934.45,4137.17,18.4612,18.3861
2024-06-23,5.4322,940.33,4144.81,18.113,17.9691
2024-06-30,5.5941,941.05,4148.68,18.3183,18.1933
2024-07-07,5.4604,936.75,4083.86,18.1061,18.1828
2024-07-14,5.4292,905.8,3921.59,17.6189,17.9547
2024-07-21,5.5977,944.29,4037.69,18.0482,18.2659
2024-07-28,5.6563,950.61,4022.2,18.4613,18.2752
2024-08-04,5.7275,952.11,4135.75,19.1792,18.2653
2024-08-11,5.5084,932.44,4071.54,18.8316,18.3363
2024-08-18,5.4726,938.71,4029.92,18.6391,17.8738
2024-08-25,5.4875,908.98,4027.64,19.1111,17.7037
2024-09-01,5.6075,910.67,4177.53,19.7282,17.8183
2024-09-08,5.599,945.44,4172.47,19.9799,17.8505
2024-09-15,5.5659,925.38,4182.91,19.2063,17.7202
2024-09-22,5.5111,930.63,4151.51,19.4148,17.4261
2024-09-29,5.434,899.9,4177.7,19.6926,17.1151
2024-10-06,5.4561,924.3,4169.28,19.2841,17.4885
2024-10-13,5.6112,926.68,4210.13,19.2802,17.4212
2024-10-20,5.6932,953.76,4268.8,19.877,17.6072
2024-10-27,5.7077,948.35,4332.5,19.9867,17.6657
2024-11-03,5.8703,961.15,4435.88,20.2841,17.6549
2024-11-10,5.7352,970.46,4361.48,20.1774,17.6002
2024-11-17,5.7966,979.71,4433.24,20.3492,18.1875
2024-11-24,5.8068,986.01,4416.97,20.4377,18.1119
2024-12-01,5.971,973.43,4432.97,20.3759,18.0569
2024-12-08,6.0866,975.11,4408.23,20.1886,18.0255
2024-12-15,6.057,986.33,4317.57,20.1258,17.8711
2024-12-22,6.0842,990.45,4389.0,20.0745,18.3054
2024-12-29,6.1918,994.08,4406.85,20.3282,18.7021
2025-01-05,6.1852,1016.34,4346.02,20.6334,18.7232
2025-01-12,6.1077,1012.1,4345.54,20.7161,19.1084
2025-01-19,6.0793,1006.1,4335.73,20.7862,18.749
2025-01-26,5.9137,982.1,4178.0,20.2676,18.4009
2025-02-02,5.8443,980.82,4208.52,20.678,18.6694
2025-02-09,5.809,964.16,4121.75,20.5638,18.403
2025-02-16,5.6985,942.0,4125.54,20.313,18.3875
2025-02-23,5.7307,946.68,4081.0,20.4231,18.3844
2025-03-02,5.8846,962.74,4153.92,20.5511,18.6906
2025-03-09,5.7896,929.58,4130.25,20.2544,18.2426
2025-03-16,5.7425,928.76,4101.05,19.9318,18.1969
2025-03-23,5.7282,926.89,4144.55,20.2389,18.2281
2025-03-30,5.7612,951.3,4202.81,20.3753,18.4307
2025-04-06,5.8424,978.55,4274.46,20.4441,19.1367
2025-04-13,5.8671,972.15,4277.63,20.3265,19.1686
2025-04-20,5.8068,966.61,4310.0,19.7189,18.8517
2025-04-27,5.6837,934.6,4217.65,19.5041,18.7106
2025-05-04,5.6571,948.3,4250.31,19.5874,18.3994
2025-05-11,5.654,936.35,4224.8,19.448,18.2017
2025-05-18,5.6649,942.78,4177.0,19.4712,18.0443
2025-05-25,5.6469,938.95,4152.46,19.2404,17.8405
2025-06-01,5.7234,945.67,4159.43,19.4377,18.0027
2025-06-08,5.56,934.88,4116.44,19.113,17.7802
2025-06-15,5.5435,940.21,4133.83,18.9583,17.9455
2025-06-22,5.5141,942.88,4095.45,19.1743,17.9932
2025-06-29,5.4867,940.64,4098.27,18.8242,17.8204
2025-07-06,5.4316,931.52,4087.62,18.7475,17.7118
